﻿{
  "version": 2,
  "configurePresets": [
    {
      "name": "windows-default",
      "displayName": "Windows x64 Debug",
      "description": "Se destina a Windows con el entorno de desarrollo de Visual Studio.",
      "generator": "Ninja",
      "binaryDir": "${sourceDir}/out/build/${presetName}",
      "architecture": {
        "value": "x64",
        "strategy": "external"
      },
      "cacheVariables": {
        "CMAKE_BUILD_TYPE": "Debug",
        "CMAKE_INSTALL_PREFIX": "${sourceDir}/out/install/${presetName}"
      },
      "vendor": { "microsoft.com/VisualStudioSettings/CMake/1.0": { "hostOS": [ "Windows" ] } }
    }
  ]
}